Type,MAE,RMSE,R2
Maison,67093.1646347956,120285.87540557403,0.6766538511117035
Appartement,49522.22375292574,103315.57023491141,0.7878552604791786
