Type,MAE,RMSE,R2
Maison,67093.164635,120285.875406,0.676654
Appartement,49522.223753,103315.570235,0.787855
