Type,R2,MAE,RMSE
Maison,0.6819648056015968,66994.59073986199,119293.93877158435
Appartement,0.7802619359225852,49628.63347397133,105148.3084516849
