Type,MAE,RMSE,R2
Maison,67294.29705701006,120143.6500273899,0.6774180445825533
Appartement,50474.10861262203,103299.26922287945,0.7879221991047939
