colonne,taux_nan
ancien_id_parcelle,0.9999971289271662
ancien_code_commune,0.9999450394628961
ancien_nom_commune,0.9999450394628961
lot5_surface_carrez,0.9996874632143793
lot4_surface_carrez,0.9991267837052672
